H,H_error,J,J_error,K,K_error,source_id,twomass_id,g,g_error,r,r_error,i,i_error,z,z_error,yMeanPSFMag,yMeanPSFMagErr,panstarrs1_id,solution_id,designation,random_index,ref_epoch,ra,ra_error,dec,dec_error,parallax,parallax_error,parallax_over_error,pm,pmra,pmra_error,pmdec,pmdec_error,ra_dec_corr,ra_parallax_corr,ra_pmra_corr,ra_pmdec_corr,dec_parallax_corr,dec_pmra_corr,dec_pmdec_corr,parallax_pmra_corr,parallax_pmdec_corr,pmra_pmdec_corr,astrometric_n_obs_al,astrometric_n_obs_ac,astrometric_n_good_obs_al,astrometric_n_bad_obs_al,astrometric_gof_al,astrometric_chi2_al,astrometric_excess_noise,astrometric_excess_noise_sig,astrometric_params_solved,astrometric_primary_flag,nu_eff_used_in_astrometry,pseudocolour,pseudocolour_error,ra_pseudocolour_corr,dec_pseudocolour_corr,parallax_pseudocolour_corr,pmra_pseudocolour_corr,pmdec_pseudocolour_corr,astrometric_matched_transits,visibility_periods_used,astrometric_sigma5d_max,matched_transits,new_matched_transits,matched_transits_removed,ipd_gof_harmonic_amplitude,ipd_gof_harmonic_phase,ipd_frac_multi_peak,ipd_frac_odd_win,ruwe,scan_direction_strength_k1,scan_direction_strength_k2,scan_direction_strength_k3,scan_direction_strength_k4,scan_direction_mean_k1,scan_direction_mean_k2,scan_direction_mean_k3,scan_direction_mean_k4,duplicated_source,phot_g_n_obs,phot_g_mean_flux,phot_g_mean_flux_error,phot_g_mean_flux_over_error,G,phot_bp_n_obs,phot_bp_mean_flux,phot_bp_mean_flux_error,phot_bp_mean_flux_over_error,BP,phot_rp_n_obs,phot_rp_mean_flux,phot_rp_mean_flux_error,phot_rp_mean_flux_over_error,RP,phot_bp_rp_excess_factor,phot_bp_n_contaminated_transits,phot_bp_n_blended_transits,phot_rp_n_contaminated_transits,phot_rp_n_blended_transits,phot_proc_mode,bp_rp,bp_g,g_rp,radial_velocity,radial_velocity_error,rv_method_used,rv_nb_transits,rv_nb_deblended_transits,rv_visibility_periods_used,rv_expected_sig_to_noise,rv_renormalised_gof,rv_chisq_pvalue,rv_time_duration,rv_amplitude_robust,rv_template_teff,rv_template_logg,rv_template_fe_h,rv_atm_param_origin,vbroad,vbroad_error,vbroad_nb_transits,grvs_mag,grvs_mag_error,grvs_mag_nb_transits,rvs_spec_sig_to_noise,phot_variable_flag,l,b,ecl_lon,ecl_lat,in_qso_candidates,in_galaxy_candidates,non_single_star,has_xp_continuous,has_xp_sampled,has_rvs,has_epoch_photometry,has_epoch_rv,has_mcmc_gspphot,has_mcmc_msc,in_andromeda_survey,classprob_dsc_combmod_quasar,classprob_dsc_combmod_galaxy,classprob_dsc_combmod_star,teff_gspphot,teff_gspphot_lower,teff_gspphot_upper,logg_gspphot,logg_gspphot_lower,logg_gspphot_upper,mh_gspphot,mh_gspphot_lower,mh_gspphot_upper,distance_gspphot,distance_gspphot_lower,distance_gspphot_upper,azero_gspphot,azero_gspphot_lower,azero_gspphot_upper,ag_gspphot,ag_gspphot_lower,ag_gspphot_upper,ebpminrp_gspphot,ebpminrp_gspphot_lower,ebpminrp_gspphot_upper,libname_gspphot,TIC,BP_error,RP_error,G_error,E(B_V),A_G,A_BP,A_RP,A_g,A_r,A_i,A_z,A_y,A_J,A_H,A_K,BP-RP,BP-RP_error,G_abs,G_abs_error,g-r,g-r_error,g_abs,g_abs_error,outlier
13.068,0.035,13.331,0.025,13.043,0.03,573738468889035264,00554280+8449242,14.8112,0.007603,14.4212,0.000296,14.2826,0.002382,14.2377,0.003663,14.224,0.001946,2.0978013928337888e+17,1636148068921376768,Gaia DR3 573738468889035264,135807148,2016.0,13.928627865464696,0.015845582,84.82338591528179,0.013835307,0.5424362175966018,0.017578328,30.858236,2.3701792,-2.2627617951851304,0.019310089,-0.7054488785040353,0.018742016,0.12844358,0.14922228,-0.19982591,-0.026838733,-0.05342249,-0.11025796,0.0051150853,-0.08865069,0.38067615,-0.018544331,315,0,313,2,1.3710426,350.26828,0.028927712,0.35032448,31,false,1.55508,,,,,,,,36,24,0.027202444,41,12,0,0.023737432,73.189575,0,0,1.0546446,0.09804817,0.17150994,0.06044702,0.14035252,-64.31867,-27.850948,0.46625388,18.651398,false,353,32019.4709652814,7.020357,4560.9463,14.423832,37,17137.48933993325,16.385565,1045.8894,14.7536745,35,21396.603400257267,17.623667,1214.0835,13.922033,1.2034582,0,0,0,0,0,0.8316412,0.32984257,0.5017986,-32.10923,6.952683,2,18,1,15,6.1150703,,,978.3071,,5500.0,3.5,-1.0,111,,,,13.553342,0.09501733,17,,NOT_AVAILABLE,123.03592010930639,21.95249951835461,78.11436136376344,64.8368678840139,false,false,0,true,true,false,false,false,true,true,false,1.0226625e-13,5.108148e-13,0.99997586,6080.534,6056.7236,6105.2295,3.8103,3.8011,3.8229,-0.5405,-0.5628,-0.5225,1853.8364,1823.5408,1873.2157,0.3367,0.3235,0.3509,0.2859,0.2745,0.2982,0.1552,0.149,0.1618,MARCS,,0.0010380985,0.00089428463,0.00023805065,0.14,0.3560453,0.46124914,0.2700941,1.526812,1.1357781,0.855414,0.672266,0.548142,0.3440318,0.203546,0.1313284,0.6404864537754058,0.00137018,2.7395300891379963,0.07036970079841302,-0.0010335445,0.0076087597,1.9561315794143321,0.07077883672677582,-1
13.205,0.035,13.496,0.029,13.163,0.03,573937617933289856,00500567+8509541,15.0007,0.003203,14.5815,0.00283,14.4477,0.002002,14.4082,0.002175,14.3894,0.002129,2.1019012523361888e+17,1636148068921376768,Gaia DR3 573937617933289856,442857150,2016.0,12.523486181466588,0.0153594455,85.16505267388946,0.014466286,0.5160892861877384,0.016434181,31.403406,2.533378,-2.323805017308775,0.0176507,-1.0089273130990297,0.017920446,-0.061231658,0.15073891,-0.2977039,0.011017126,-0.089775525,0.007098724,-0.040991608,-0.10484986,0.15176708,-0.030682564,341,0,340,1,-0.69174767,325.47122,0.0,0.0,31,false,1.5455447,,,,,,,,39,27,0.02542829,45,18,0,0.015876992,91.41365,0,0,0.9724089,0.09326417,0.04572206,0.074174725,0.08925846,-8.486326,37.76128,-57.93929,21.57745,false,375,27349.361719534707,5.9991493,4558.8735,14.594999,42,14460.596955289682,19.863369,728.00323,14.938077,38,18499.31982652952,19.10575,968.25934,14.080006,1.2051439,0,2,0,1,0,0.8580713,0.34307766,0.51499367,-44.101063,6.7152505,2,17,4,16,3.7595313,,,978.13135,,5500.0,4.0,-0.25,111,,,,13.814226,0.14624365,13,,NOT_AVAILABLE,122.90131293929333,22.293382544237673,78.7361810771835,65.08685913506558,false,false,0,true,true,false,false,false,true,true,false,1.0297042e-13,5.143322e-13,0.9999062,5794.64,5770.1685,5817.1904,3.8862,3.8728,3.8985,-0.2553,-0.2779,-0.2345,1769.3256,1728.2365,1791.0446,0.1222,0.1096,0.1346,0.1021,0.0915,0.1124,0.0546,0.0489,0.0602,PHOENIX,461618583.0,0.0014913892,0.0011213279,0.00023815889,0.13,0.33061346,0.42830274,0.25080165,1.4177539,1.054651,0.79431295,0.62424695,0.508989,0.3194581,0.18900698,0.121947795,0.6805699175796516,0.0018659094,2.828009752780454,0.06914808187017447,0.05609703,0.0042741206,2.1465702789855174,0.06922181531232545,-1
13.453,0.036,13.747,0.03,13.362,0.035,573938202048830464,00492803+8511247,15.2439,0.006207,14.8344,0.001701,14.6868,0.002866,14.6537,0.001715,14.6298,0.003723,2.102201236658891e+17,1636148068921376768,Gaia DR3 573938202048830464,264254217,2016.0,12.366700737740876,0.019166704,85.19023084886605,0.017300526,0.5007595077375835,0.019428795,25.77409,2.509505,-2.2629611160928507,0.022933656,-1.084722587990316,0.022184175,0.015996268,0.032397103,-0.34769025,-0.038806908,-0.06785811,-0.02245568,-0.16848323,-0.05585763,0.15202801,0.0973722,331,0,331,0,2.298769,401.27402,0.07562155,1.6465024,31,false,1.5453267,,,,,,,,38,26,0.033527944,45,18,0,0.022017058,83.22508,0,0,1.0903118,0.12226308,0.062082317,0.07150753,0.090634875,-7.3765664,-4.50973,-51.38792,14.774695,false,361,21757.16757080966,5.780638,3763.8003,14.843361,38,11473.944155678828,17.006199,674.6919,15.1892605,36,14741.37777690559,15.077181,977.7277,14.3265505,1.204905,0,0,0,0,0,0.86271,0.34589958,0.5168104,,,,,,,,,,,,,,,,,,,,,,,NOT_AVAILABLE,122.88725613112742,22.318651788470834,78.77925769049425,65.10873755476354,false,false,0,true,true,false,false,false,true,true,false,1.0264799e-13,5.127219e-13,0.999938,5716.769,5677.7236,5756.75,4.0179,3.986,4.0493,-0.3141,-0.3439,-0.2822,1526.5936,1474.6979,1583.694,0.1652,0.1414,0.1896,0.1383,0.1182,0.1589,0.0745,0.0637,0.0856,MARCS,461618621.0,0.0016092326,0.0011104689,0.00028846806,0.13,0.33061346,0.42830274,0.25080165,1.4177539,1.054651,0.79431295,0.62424695,0.508989,0.3194581,0.18900698,0.121947795,0.6852089175796507,0.0019551907,3.010893555054686,0.08425070052896458,0.04639721,0.0064358567,2.3242923833837725,0.08447854269697558,1
13.443,0.051,13.681,0.035,13.41,0.035,573938305128033920,00485459+8512366,14.8865,0.001984,14.5978,0.001319,14.51,0.001652,14.5185,0.003026,14.5152,0.006252,2.1025012227260304e+17,1636148068921376768,Gaia DR3 573938305128033920,1315389913,2016.0,12.227327792939281,0.020073216,85.21020056315065,0.01828807,0.59102127552523,0.021110827,27.996122,2.3299372,-2.138408830865944,0.024798077,-0.9251029969779193,0.023633393,0.033853743,-0.046624117,-0.24553324,-0.025390977,-0.016001776,0.009320293,0.05000603,-0.051948704,0.2054066,0.102905124,336,0,335,1,6.9504895,559.47144,0.1479524,7.7026467,31,false,1.5830772,,,,,,,,38,25,0.035717223,45,16,0,0.024213212,80.573845,0,0,1.2813056,0.1332087,0.07827749,0.06622389,0.1494167,17.713305,-14.2463,53.860016,17.790773,false,357,27562.27022296343,7.224081,3815.3323,14.586579,41,15580.522540373944,20.21223,770.84625,14.857087,38,17191.783031844156,12.873201,1335.4707,14.159594,1.1890278,0,3,0,0,0,0.69749355,0.2705078,0.42698574,,,,,,,,,,,,,,,,,,,,,,,NOT_AVAILABLE,122.87485340238437,22.338730744422044,78.81248022787504,65.12716015429923,false,false,0,true,true,false,false,false,true,true,false,1.0350749e-13,5.1784705e-13,0.999853,6456.51,6430.8276,6475.8384,4.2466,4.2253,4.2655,-0.079,-0.0982,-0.0627,1507.9252,1475.4729,1542.9781,0.2349,0.2203,0.245,0.2031,0.1904,0.2119,0.1094,0.1026,0.1142,MARCS,461618652.0,0.0014084991,0.0008129989,0.00028457187,0.06951128,0.17677975,0.2290144,0.13410418,0.75807613,0.5639242,0.42472085,0.33378622,0.2721575,0.17081493,0.10106245,0.06520575,0.6025827806882855,0.0016262955,3.267814827252309,0.07756385060587596,0.094548166,0.0023824393,2.9864398014992872,0.0775886988899684,-1
,,,,,,573938408207239296,,14.2119,0.003549,14.1264,0.009491,14.1809,0.003573,14.2482,0.003659,14.2655,0.002599,2.1026012083405984e+17,1636148068921376768,Gaia DR3 573938408207239296,451142942,2016.0,12.083431350371267,0.013404414,85.22419060560206,0.011774488,0.5275154429074747,0.013538112,38.965214,2.554907,-2.348518628103128,0.016759971,-1.005987366033681,0.014996667,-0.015565942,-0.06177745,-0.30586678,0.026712082,-0.07000114,0.05215436,-0.04223138,0.0010820458,0.12586688,0.045558147,334,0,332,2,0.26916265,362.73996,0.015542115,0.12825724,31,false,1.6593817,,,,,,,,38,24,0.02373621,46,17,0,0.027310222,78.77809,0,0,1.0095208,0.14716421,0.09813585,0.037428625,0.15039916,21.980341,-6.005906,43.224216,12.218142,false,378,43555.6786988256,27.750443,1569.549,14.089755,41,27986.085408146704,88.161835,317.4399,14.221187,42,23584.17960181156,65.04841,362.5635,13.816343,1.1840079,0,0,0,1,0,0.40484333,0.13143158,0.27341175,,,,,,,,,,,,,,,,,,,,,,,NOT_AVAILABLE,122.86206114306607,22.352861669361868,78.83239491159418,65.14357821860644,false,false,0,true,true,false,false,false,false,true,false,1.03625936e-13,5.1760636e-13,0.9998921,7201.6797,7189.3867,7214.3975,4.1392,4.106,4.1954,-1.8033,-2.0023,-1.5044,1552.0087,1432.5522,1641.6823,0.0032,0.0012,0.0069,0.0029,0.001,0.0062,0.0016,0.0005,0.0034,MARCS,,0.003420289,0.0029946098,0.00069175044,0.08552964,0.21751733,0.28178906,0.16500749,0.9327691,0.6938763,0.52259463,0.41070476,0.33487418,0.21017797,0.12435154,0.080231935,0.28806242253208225,0.004545994,2.4834135589504522,0.0557327798218369,-0.15339303,0.010132842,1.8903065278387348,0.055841379183871706,-1
12.216,0.032,12.41,0.027,12.153,0.022,573939404639640704,00522591+8515279,13.8643,0.004291,13.4814,0.004012,13.465,-999.0,13.3502,0.001531,13.3339,0.002293,2.1031013108360013e+17,1636148068921376768,Gaia DR3 573939404639640704,65868889,2016.0,13.10790862359945,0.010875556,85.25774748740893,0.010011642,0.523954960271264,0.011361084,46.118397,2.5584464,-2.1297515588459675,0.014710172,-1.417676447519859,0.0130452225,0.04644613,-0.068065315,-0.26083583,0.0511591,-0.13534923,0.04922511,0.08499095,0.10925011,0.09844684,0.06177674,332,9,331,1,1.8113582,376.47937,0.026871605,0.5992322,31,false,1.559687,,,,,,,,38,25,0.020730715,45,16,0,0.020851966,82.80905,0,0,1.0707242,,,,,,,,,false,362,75921.2016643244,14.029028,5411.722,13.486459,42,41052.5530081586,29.643682,1384.8668,13.805192,41,49761.27024605615,28.175018,1766.1487,13.005667,1.1961589,0,0,0,0,0,0.79952526,0.31873322,0.48079205,-41.731003,2.4475524,2,20,6,16,10.979785,,,886.04346,,5750.0,3.5,-0.25,111,,,,12.769029,0.052578997,14,,NOT_AVAILABLE,122.95413233515086,22.386040345025883,78.98394304400648,65.07814056077827,false,false,0,true,true,false,false,false,true,true,false,1.0262172e-13,5.1259035e-13,0.99994063,6040.6157,6026.856,6056.7837,3.8156,3.7979,3.8511,-0.0247,-0.0384,-0.0089,1685.4691,1583.634,1736.767,0.2214,0.2127,0.2311,0.1878,0.1804,0.1961,0.1009,0.0969,0.1054,MARCS,461618739.0,0.00078400044,0.0006147479,0.00020062675,0.099999994,0.25431806,0.32946366,0.19292434,1.0905799,0.81127,0.61100996,0.48018995,0.39152998,0.24573699,0.14538999,0.09380599,0.6629856748819343,0.000996279,1.8286107223596226,0.04708516043888153,0.10359037,0.005874421,1.3701896876573216,0.047279855781119845,-1
14.057,0.055,14.301,0.03,14.077,0.052,573939679517550848,00501091+8514381,15.5878,0.002226,15.2611,0.00233,15.1611,0.001463,15.155,0.003513,15.1622,0.003473,2.1029012545510352e+17,1636148068921376768,Gaia DR3 573939679517550848,241584833,2016.0,12.54542922715811,0.021105763,85.243913687464,0.020118428,0.5514437045821454,0.021718062,25.391018,2.5892258,-2.3660825208918617,0.026667312,-1.0515433878797953,0.026741898,0.040970605,-0.0781864,-0.37503883,0.014600678,-0.087104,0.03466069,-0.10189297,-0.0048558735,0.009629641,0.111791566,323,0,321,2,-1.1447325,301.11108,0.0,0.0,31,false,1.5727344,,,,,,,,37,25,0.03942517,45,17,0,0.026665438,83.47802,0,0,0.9537738,0.087710686,0.07041274,0.08704772,0.16339186,46.666237,-49.320457,59.887787,20.769608,false,365,14810.15560609107,5.6875305,2603.9695,15.260968,39,8236.794385977084,14.577961,565.0169,15.549147,38,9420.172961406566,14.456518,651.62115,14.812748,1.1922202,0,0,0,1,0,0.7363987,0.28817844,0.44822025,,,,,,,,,,,,,,,,,,,,,,,NOT_AVAILABLE,122.9037614230432,22.372232369490064,78.91061949740316,65.11564795387099,false,false,0,true,false,false,false,false,true,true,false,1.0371757e-13,5.1811956e-13,0.99983215,6072.808,5992.6465,6131.307,4.2991,4.2306,4.354,-0.1838,-0.2516,-0.1365,1635.6361,1576.6431,1708.5892,0.1021,0.0593,0.1352,0.0872,0.0505,0.1155,0.0469,0.0272,0.0622,MARCS,461618718.0,0.0019215995,0.0016662078,0.00041695428,0.099999994,0.25431806,0.32946366,0.19292434,1.0905799,0.81127,0.61100996,0.48018995,0.39152998,0.24573699,0.14538999,0.09380599,0.5998596748819356,0.002543382,3.714155856874935,0.08552229836830864,0.04739034,0.0032224178,3.2047260739426537,0.08555024689126892,-1
12.315,0.051,12.477,0.033,12.252,0.03,573939954395446016,00490340+8515251,13.6291,0.004411,13.3611,3.7e-05,13.428,-999.0,13.3296,0.00191,13.3381,0.003215,2.1030012264410922e+17,1636148068921376768,Gaia DR3 573939954395446016,1203289566,2016.0,12.26408119233452,0.015218757,85.2570007239099,0.014000835,0.5380171229910949,0.015645247,34.388535,2.4767654,-2.260835252931981,0.019277992,-1.0114303189719223,0.017842581,0.08484396,-0.1422797,-0.34301484,-0.021182885,-0.12844698,-0.0026448753,-0.024597192,0.047622014,0.10443895,0.102009594,328,0,326,2,11.755486,731.2433,0.1290149,14.836353,31,false,1.5944105,,,,,,,,38,24,0.027848123,45,17,0,0.023131173,77.58111,0,0,1.4969761,0.15159546,0.085917406,0.041557908,0.17181572,26.66219,-34.340473,32.39938,17.9526,false,367,85444.10088307071,24.341146,3510.2744,13.358162,43,49149.94430097988,37.165016,1322.4788,13.609735,39,51943.461454840064,26.51075,1959.3358,12.959068,1.1831526,0,0,0,0,0,0.65066624,0.2515726,0.39909363,-32.731827,4.403738,2,19,16,17,9.846573,,,791.53326,,6250.0,3.5,-0.25,111,,,,12.668532,0.028724877,3,,NOT_AVAILABLE,122.87867722638234,22.385496932759512,78.91814246570071,65.14217994737076,false,false,0,true,true,false,false,false,false,true,false,1.0366049e-13,5.177789e-13,0.9998378,,,,,,,,,,,,,,,,,,,,,,,461618738.0,0.0008209857,0.00055413484,0.00030930238,0.12,0.30518168,0.3953564,0.23150921,1.3086959,0.97352403,0.73321193,0.57622796,0.46983597,0.29488438,0.174468,0.112567194,0.4868198217792514,0.0009904964,1.7069608068374365,0.0631460008247092,-0.06717223,0.0044111554,0.9743844224723546,0.06329912062887923,-1
13.45,0.041,13.812,0.03,13.341,0.035,573940091834388224,00493703+8516387,15.2095,0.004345,14.8505,0.002086,14.7249,0.002346,14.6981,0.002724,14.6837,0.003123,2.103301240419338e+17,1636148068921376768,Gaia DR3 573940091834388224,1683169262,2016.0,12.404008912319114,0.02141369,85.27746560494747,0.019611567,0.5247030861464611,0.0216557,24.22933,2.7688828,-2.52540735099355,0.027341386,-1.1353543532934836,0.025272558,0.054857466,0.0076102642,-0.34825736,0.037770413,-0.04138254,0.053753663,0.018786935,-0.0070785508,0.06308579,0.0999552,324,0,323,1,5.16773,483.52667,0.13559015,5.3957753,31,false,1.5620515,,,,,,,,38,26,0.039357405,45,16,0,0.022346115,74.114716,0,0,1.210643,0.08970481,0.09533028,0.038240157,0.19788574,13.923078,-36.725838,37.76634,15.481869,false,362,21561.448909707025,6.2584553,3445.1711,14.853172,41,11759.10459735615,18.476902,636.4219,15.162606,37,14164.221319576425,17.56981,806.1681,14.369914,1.2022998,0,3,0,4,0,0.7926922,0.30943394,0.48325825,,,,,,,,,,,,,,,,,,,,,,,NOT_AVAILABLE,122.89135918367137,22.405859088160504,78.97361846877865,65.13931530624727,false,false,0,true,true,false,false,false,true,true,false,1.0233492e-13,5.1129543e-13,0.99996907,5732.064,5714.701,5755.827,3.8339,3.8232,3.8564,-0.5646,-0.5806,-0.5433,2042.0964,1983.5631,2064.3523,0.0375,0.0252,0.0517,0.0315,0.0212,0.0436,0.0171,0.0114,0.0236,MARCS,461618774.0,0.0017060007,0.0013467864,0.00031514725,0.12,0.30518168,0.3953564,0.23150921,1.3086959,0.97352403,0.73321193,0.57622796,0.46983597,0.29488438,0.174468,0.112567194,0.6288448217792517,0.002173539,3.147558410870016,0.08962219899692929,0.023828328,0.0048197946,2.5003724934238787,0.08972690933541276,-1
13.292,0.04,13.57,0.032,13.164,0.04,573940985187622016,00455704+8512231,15.1138,0.005182,14.69,0.001116,14.5336,0.000587,14.4957,0.005491,14.4676,0.001186,2.1024011487771856e+17,1636148068921376768,Gaia DR3 573940985187622016,238246553,2016.0,11.487584583920206,0.016850688,85.20647266750909,0.015870254,0.48483630914315473,0.017701708,27.38924,2.4925973,-2.2820797138094306,0.02070595,-1.0025736030415877,0.019281417,-0.019211004,0.005718735,-0.28784177,0.023256047,-0.15217075,0.07656985,0.0729206,-0.10632779,0.051282644,0.08250911,311,0,310,1,0.9246932,337.75635,0.0,0.0,31,false,1.541611,,,,,,,,36,24,0.029633362,43,16,0,0.02782791,80.42319,0,0,1.0365661,0.06795604,0.04496567,0.1585087,0.16390412,3.1734052,-11.2274475,-59.960117,18.079687,false,342,24879.42101736024,5.318983,4677.477,14.697766,38,13006.067166171864,19.566467,664.7121,15.053177,37,16917.45844035104,17.933964,943.3195,14.177057,1.2027421,0,1,0,0,0,0.8761196,0.35541058,0.52070904,,,,,,,,,,,,,,,,,,,,,,,NOT_AVAILABLE,122.80798966418875,22.336043198360407,78.74892546234118,65.18300933429886,false,false,0,true,true,false,false,false,true,true,false,1.02561785e-13,5.1229106e-13,0.9999466,5734.749,5643.1562,5792.799,4.0049,3.9638,4.0376,-0.1958,-0.2942,-0.1389,1491.3954,1454.1616,1534.4886,0.1967,0.143,0.2317,0.1644,0.1192,0.194,0.0884,0.0641,0.1042,MARCS,461601168.0,0.0016333932,0.001150974,0.00023212006,0.13,0.33061346,0.42830274,0.25080165,1.4177539,1.054651,0.79431295,0.62424695,0.508989,0.3194581,0.18900698,0.121947795,0.6986189175796511,0.0019981777,2.795128218221531,0.0792822917433719,0.060697556,0.005300809,2.124021796306477,0.07945112350665058,-1
13.569,0.043,13.836,0.032,13.433,0.039,573941019547362688,00445943+8511504,15.303,0.003758,14.903,0.001763,14.7559,0.002656,14.7204,0.002653,14.7031,0.003484,2.1023011247569766e+17,1636148068921376768,Gaia DR3 573941019547362688,1390795901,2016.0,11.247319860617644,0.018048706,85.19739341911237,0.016712068,0.4958102501321294,0.018963203,26.145914,2.700642,-2.4933834541047375,0.022532845,-1.037548462333535,0.02071445,0.0029940156,-0.043786205,-0.22170621,-0.0010664174,-0.10877609,0.038042404,0.091383286,-0.09415655,0.041330032,0.080340475,320,0,319,1,0.4036814,335.6313,0.0,0.0,31,false,1.5456567,,,,,,,,37,25,0.031945318,44,15,0,0.030120503,78.67775,0,0,1.0150847,0.055798247,0.06867528,0.17528273,0.1669427,-16.40375,-12.977376,58.46245,21.413328,false,347,20470.91744760087,5.428633,3770.9155,14.909524,37,10760.1897308224,28.321655,379.928,15.258992,37,13777.868734480035,17.697178,778.5348,14.3999405,1.198679,0,0,0,1,0,0.8590517,0.34946823,0.5095835,,,,,,,,,,,,,,,,,,,,,,,NOT_AVAILABLE,122.78602436085625,22.327470288074597,78.71113790449832,65.19833609804377,false,false,0,true,true,false,false,false,false,true,false,1.0238924e-13,5.114294e-13,0.99996364,,,,,,,,,,,,,,,,,,,,,,,461601152.0,0.002857742,0.0013945892,0.00028792376,0.13,0.33061346,0.42830274,0.25080165,1.4177539,1.054651,0.79431295,0.62424695,0.508989,0.3194581,0.18900698,0.121947795,0.6815504175796505,0.0031798691,3.055488040436148,0.083052574046989,0.03689766,0.004150992,2.361824019827247,0.08313705382941308,1
13.026,0.031,13.361,0.025,13.024,0.03,573941294425258496,00471182+8513314,14.7063,0.003216,14.3482,0.002715,14.2249,0.002914,14.2058,0.004838,14.2005,0.003001,2.102701179919213e+17,1636148068921376768,Gaia DR3 573941294425258496,897652897,2016.0,11.799114168073851,0.014901249,85.22543006112694,0.013080703,0.5276650015702934,0.015068873,35.016888,2.525432,-2.32072365919689,0.019252567,-0.9960163104092197,0.01623426,-0.015435987,0.014941375,-0.23261335,0.057388213,-0.08584326,0.09668161,0.022875296,-0.09405556,0.07944646,0.09401199,313,0,312,1,-1.0722158,286.42526,0.0,0.0,31,false,1.5640153,,,,,,,,36,23,0.027188681,42,14,0,0.024575787,83.06847,0,0,0.9559727,0.08888548,0.13218941,0.08825758,0.16299412,6.595189,-4.621037,-46.818565,13.083458,false,336,34466.64484221525,11.2791195,3055.7922,14.343869,39,18733.3168362993,26.179602,715.5692,14.657005,38,22319.321963433013,23.004728,970.2059,13.876193,1.1910831,0,0,0,0,0,0.78081226,0.3131361,0.46767616,-41.277725,5.7552056,2,17,8,14,4.4329762,,,909.3456,,5750.0,4.0,-0.25,111,,,,13.678221,0.1192226,10,,NOT_AVAILABLE,122.83649341788745,22.35446596174419,78.81389169379452,65.16596759380775,false,false,0,true,true,false,false,false,true,true,false,1.03335316e-13,5.161547e-13,0.99987,5873.5464,5817.51,5942.3203,3.8231,3.7869,3.8746,-0.529,-0.583,-0.4527,1783.4102,1692.0784,1829.5634,0.0515,0.0181,0.0849,0.0435,0.0153,0.0719,0.0235,0.0082,0.0388,PHOENIX,461601201.0,0.0015173042,0.0011190781,0.00035530434,0.08528342,0.21689115,0.2809779,0.16453248,0.93008393,0.69187886,0.5210902,0.40952244,0.33391017,0.20957293,0.12399356,0.08000097,0.6643665778274528,0.0018853509,2.7387692937926733,0.062013164962681146,0.11989486,0.004208786,2.3880072997464623,0.06209548328128798,-1
12.43,,13.2,0.08,12.744,0.066,573941328784984320,00465391+8514373,14.4514,0.022093,14.2613,0.002594,14.176,0.003183,14.1724,0.001826,14.1718,0.004357,2.102901172495732e+17,1636148068921376768,Gaia DR3 573941328784984320,735240805,2016.0,11.724754715169517,0.013632016,85.24364975910035,0.013064102,0.5110019472204241,0.014341494,35.631012,2.5768962,-2.2628014190488757,0.017010683,-1.2329329999205532,0.016343553,0.04437998,0.063402876,-0.30352122,-0.03634546,0.099535726,-0.028227964,-0.12431298,-0.12353545,-0.008590553,0.14754066,323,9,323,0,-0.5941933,309.6232,0.0,0.0,31,true,1.5926148,,,,,,,,37,24,0.025143752,43,16,0,0.028599126,87.7042,1,0,0.9754917,,,,,,,,,false,349,38279.29793661383,16.464193,2325.003,14.229957,40,22176.151599954228,32.077087,691.3393,14.473826,40,23768.398242052415,48.703384,488.02353,13.807896,1.2002454,0,1,0,2,0,0.66593075,0.24386978,0.42206097,,,,,,,,,,,,,,,,,,,,,,,NOT_AVAILABLE,122.8301777429616,22.372796436521238,78.84863271672242,65.17851052994905,false,false,0,true,true,false,false,false,true,true,false,1.03226245e-13,5.156099e-13,0.9998808,6768.434,6747.925,6810.1147,3.949,3.9218,3.982,-0.517,-0.5437,-0.4937,1868.0563,1797.0778,1940.1312,0.3453,0.3349,0.3636,0.3021,0.2929,0.3184,0.1634,0.1584,0.1723,MARCS,,0.0015704824,0.002224762,0.00046698272,0.11315489,0.2877733,0.37280422,0.21830332,1.2340446,0.9179917,0.69138765,0.54335845,0.44303533,0.27806345,0.16451588,0.106146075,0.5114290983009351,0.0027232298,2.4842964641486596,0.06094511594606002,-0.12595314,0.022244763,1.7594680265990679,0.06482429881187388,-1
12.861,0.049,13.06,0.04,12.866,0.041,573941397504457344,00475158+8515090,14.1823,0.007916,13.9244,0.001986,13.8559,0.002729,13.8667,0.002197,13.8731,0.004008,2.1030011964869386e+17,1636148068921376768,Gaia DR3 573941397504457344,77021791,2016.0,11.96482364299212,0.012654629,85.25252917311943,0.011187856,0.5097379168770876,0.012687334,40.176914,2.3469045,-2.2149041685575277,0.015571752,-0.775990106175838,0.013870517,0.0445026,0.019889152,-0.3066357,0.07694866,0.04362845,0.09002485,0.024883244,0.0018559268,0.08900435,0.08956981,322,0,322,0,-0.9129739,298.17776,0.0,0.0,31,false,1.5938282,,,,,,,,37,23,0.022217019,44,17,0,0.024109084,90.63211,0,0,0.96292263,0.04174022,0.124051094,0.044239346,0.23827498,35.400524,-22.334562,-22.457022,14.020221,false,330,51799.303862823006,14.099214,3673.9143,13.901557,41,29702.872453497006,34.020893,873.0774,14.156546,38,31448.50407782981,49.291473,638.01105,13.503896,1.1805444,0,39,0,12,0,0.6526499,0.25498867,0.3976612,-44.797356,7.4314594,2,16,10,14,5.929424,,,909.34564,,6250.0,3.0,-0.25,111,,,,13.247477,0.10822785,6,,NOT_AVAILABLE,122.851845445725,22.381335577015196,78.88598727677811,65.16340017694763,false,false,0,true,true,false,false,false,true,true,false,1.03910167e-13,5.1902607e-13,0.99981314,6545.851,6523.2114,6565.4795,3.9155,3.8886,3.9384,-0.0602,-0.0747,-0.0461,1866.9039,1812.5045,1931.3661,0.1992,0.1884,0.21,0.1734,0.1639,0.1828,0.0933,0.0882,0.0984,MARCS,461601280.0,0.0012435738,0.0017017514,0.00029552574,0.12,0.30518168,0.3953564,0.23150921,1.3086959,0.97352403,0.73321193,0.57622796,0.46983597,0.29488438,0.174468,0.112567194,0.4888028217792524,0.0021077082,2.133110016911031,0.054048573021070745,-0.077272594,0.008161326,1.4103384006123552,0.05462438979118034,-1
14.235,0.051,14.51,0.035,14.168,0.071,573941809821331456,00444076+8513090,15.8565,0.002448,15.5139,0.001794,15.4047,0.002945,15.3834,0.003832,15.3747,0.003531,2.1026011169955386e+17,1636148068921376768,Gaia DR3 573941809821331456,154238894,2016.0,11.169803401187902,0.024202952,85.21921821638117,0.024031542,0.4893445061317313,0.026257161,18.636612,2.2898395,-1.7645899662685083,0.031418387,-1.4593104493671658,0.030294279,-0.06796831,-0.04295528,-0.21532151,0.020573895,-0.16593927,0.06401527,0.17900968,-0.11337201,-0.09157873,0.011667768,292,0,286,6,0.06009674,295.08792,0.0,0.0,31,false,1.5682261,,,,,,,,34,23,0.044031274,41,15,0,0.032070782,79.265495,1,0,1.0013491,0.054761942,0.05641183,0.07234195,0.13539886,74.48691,33.696022,56.973953,26.557661,false,310,11753.125349727532,4.4006095,2670.795,15.511984,32,6453.0499043992995,14.955525,431.48267,15.81413,34,7617.718588320877,11.665157,653.0318,15.043333,1.1971937,0,0,0,2,0,0.7707968,0.30214596,0.46865082,,,,,,,,,,,,,,,,,,,,,,,NOT_AVAILABLE,122.7796805688241,22.349466191887977,78.75390063049463,65.21235918719596,false,false,0,true,false,false,false,false,true,true,false,1.02228494e-13,5.106289e-13,0.9999796,6179.2124,5993.4917,6268.835,4.5197,4.4658,4.6067,-0.4882,-0.7079,-0.4254,1363.2339,1145.0942,1464.4843,0.2336,0.1284,0.2826,0.1997,0.1093,0.2421,0.1082,0.0593,0.1312,MARCS,461601191.0,0.0025162916,0.0016626085,0.00040652172,0.13,0.33061346,0.42830274,0.25080165,1.4177539,1.054651,0.79431295,0.62424695,0.508989,0.3194581,0.18900698,0.121947795,0.5932959175796508,0.003015956,3.6294441201845267,0.11651718810242866,-0.020503044,0.003034986,2.8868193213773825,0.11654219222083113,-1
13.576,0.042,13.73,0.035,13.431,0.034,573941844181066368,00434156+8513171,14.8408,0.005676,14.5973,0.003151,14.5278,0.002851,14.5514,0.001653,14.5585,0.00289,2.1026010923405658e+17,1636148068921376768,Gaia DR3 573941844181066368,1064806060,2016.0,10.923100666348699,0.019153446,85.22147102807634,0.018114436,0.49958989860427166,0.019910231,25.09212,2.2877014,-2.0574554342712443,0.023618998,-1.0002274924468906,0.022723356,-0.035421874,-0.05342583,-0.28866106,-0.023926206,-0.017578833,0.042559434,0.13318954,-0.05831479,0.070843115,0.11037695,316,0,315,1,5.40166,480.85007,0.124584764,5.60406,31,false,1.5952892,,,,,,,,37,24,0.034369443,45,16,0,0.029537167,75.181786,0,0,1.2234497,0.035717033,0.03282052,0.15218501,0.14751239,-42.369404,12.757774,58.74497,18.597944,false,355,27727.747502578633,7.110336,3899.6396,14.58008,38,16020.766655039653,18.277613,876.52405,14.826834,39,16895.832731906507,17.191223,982.8174,14.178447,1.1871357,0,1,0,0,0,0.64838696,0.2467537,0.40163326,,,,,,,,,,,,,,,,,,,,,,,NOT_AVAILABLE,122.75753899268705,22.35234378334788,78.74107210625908,65.23232737471726,false,false,0,true,true,false,false,false,true,true,false,1.0360757e-13,5.183346e-13,0.9998432,6462.7046,6433.6772,6494.052,3.8582,3.8046,3.9706,-0.1926,-0.2155,-0.1697,2662.9475,2263.793,2856.5623,0.1482,0.1343,0.1654,0.1288,0.1167,0.1439,0.0694,0.0629,0.0776,MARCS,461599239.0,0.0012386838,0.0011047182,0.00027841964,0.13,0.33061346,0.42830274,0.25080165,1.4177539,1.054651,0.79431295,0.62424695,0.508989,0.3194581,0.18900698,0.121947795,0.4708859175796505,0.0016597409,2.7425347790213923,0.08654046160771477,-0.1196022,0.0064919777,1.9161145936175679,0.08672595317452196,-1
12.815,0.03,13.064,0.025,12.778,0.022,573942290857628288,00420665+8516471,14.3759,0.001985,14.0514,0.00241,13.9444,0.00318,13.937,0.003494,13.9207,0.004531,2.1033010527857658e+17,1636148068921376768,Gaia DR3 573942290857628288,1183098818,2016.0,10.527432553876684,0.01261323,85.27979497670988,0.011905667,0.5203631983113511,0.013074361,39.800278,2.5667057,-2.323795788030372,0.015515216,-1.089931519116581,0.014775209,-0.09989606,0.09329346,-0.32171875,-0.023933824,-0.034219716,-0.0003639797,0.06578399,-0.07373156,0.15060508,-0.014078267,335,0,334,1,0.7963753,353.09625,0.0,0.0,31,false,1.57013,,,,,,,,39,26,0.022006424,46,17,0,0.028213834,78.481514,0,0,1.0301826,0.05853187,0.07720998,0.09261251,0.10419694,-96.615166,39.44353,-58.711437,23.74587,false,382,45152.28734925504,10.952436,4122.579,14.050668,43,24907.06336183176,20.896807,1191.9076,14.347736,40,28928.913183908568,22.129688,1307.2445,13.594565,1.19232,0,3,0,6,0,0.75317097,0.2970686,0.45610237,-45.683903,7.0323367,2,20,2,17,5.8297396,,,978.1316,,5750.0,3.5,-0.25,111,,,,13.406182,0.09425247,21,,NOT_AVAILABLE,122.72439347026291,22.411804179101374,78.84319760599959,65.2837853735096,false,false,0,true,true,false,false,false,false,true,false,1.03072966e-13,5.1484424e-13,0.999896,,,,,,,,,,,,,,,,,,,,,,,461599296.0,0.0009109231,0.0008305533,0.00026336336,0.099999994,0.25431806,0.32946366,0.19292434,1.0905799,0.81127,0.61100996,0.48018995,0.39152998,0.24573699,0.14538999,0.09380599,0.6166316748819352,0.0012327204,2.3778828131681067,0.05455986282534456,0.045190215,0.0031222308,1.8668532728505713,0.05459532485553003,-1
13.157,0.035,13.349,0.029,13.051,0.035,573942943692668416,00471341+8516398,14.7634,0.000315,14.3903,0.002749,14.2698,0.001703,14.255,0.002726,14.2337,0.004549,2.103301180603741e+17,1636148068921376768,Gaia DR3 573942943692668416,1260079919,2016.0,11.805921672743473,0.020244662,85.2777452767428,0.018570052,0.5727288338563523,0.020237105,28.300928,2.5194945,-2.294058721104164,0.026660504,-1.0417042579270448,0.024173291,-0.06087633,0.064400025,-0.37670636,0.036235426,0.038209427,0.07267053,-0.090887316,-0.066391066,0.042012874,0.075514145,340,0,338,2,9.998594,676.91815,0.16322935,11.647829,31,false,1.5612987,,,,,,,,39,25,0.038172785,44,17,0,0.024192672,94.59676,0,0,1.4103485,0.020696262,0.040007,0.022475347,0.11035401,-45.89823,18.916174,59.716,15.243567,false,371,33053.60905207143,7.6454506,4323.304,14.389319,38,17935.94279998195,18.176704,986.7544,14.704231,39,21599.66640516834,18.218512,1185.589,13.9117775,1.1961057,0,1,0,1,0,0.79245377,0.31491184,0.47754192,,,,,,,,,,,,,,,,,,,,,,,NOT_AVAILABLE,122.83810724769616,22.40676292606521,78.92995688815111,65.18501225344914,false,false,0,true,true,false,false,false,true,true,false,1.0290279e-13,5.139943e-13,0.99991286,5710.245,5703.703,5726.3774,3.711,3.7068,3.7227,-0.2999,-0.3079,-0.2806,2217.7214,2193.0461,2226.447,0.0071,0.0024,0.0177,0.006,0.002,0.0149,0.0032,0.0011,0.008,MARCS,461601344.0,0.0011003105,0.0009157779,0.00025113576,0.12,0.30518168,0.3953564,0.23150921,1.3086959,0.97352403,0.73321193,0.57622796,0.46983597,0.29488438,0.174468,0.112567194,0.6286063217792517,0.001431549,2.8738825583169736,0.07672836879920232,0.037928402,0.0027669887,2.244449405885485,0.0767286044081248,-1
13.661,0.035,13.857,0.03,13.554,0.041,573943149851092736,00462307+8517133,15.2162,0.00511,14.8628,0.002264,14.7546,0.002143,14.7361,0.003366,14.7257,0.002698,2.103401159628153e+17,1636148068921376768,Gaia DR3 573943149851092736,124817019,2016.0,11.59614942925021,0.021493932,85.28708246589551,0.019454025,0.5666752565671112,0.021912297,25.86106,2.5994573,-2.3790476715957922,0.029357843,-1.0475260080216784,0.024351753,-0.020481411,0.052981507,-0.23853011,0.054063216,0.049630247,0.08026725,0.027284615,0.055523645,0.098397434,0.06798115,339,0,338,1,6.9213033,565.39215,0.15045048,6.678462,31,false,1.5652125,,,,,,,,39,25,0.041214895,43,14,0,0.024100436,85.40419,0,0,1.2787613,0.07595015,0.07813447,0.016385362,0.11328473,13.514981,-5.830659,-57.365143,14.141641,false,358,21329.721665744175,5.6505384,3774.8123,14.864903,35,11658.958951455572,17.014807,685.2243,15.171893,34,13815.984655080103,16.838543,820.4976,14.396941,1.1943402,0,3,0,0,0,0.77495193,0.30698967,0.46796227,,,,,,,,,,,,,,,,,,,,,,,NOT_AVAILABLE,122.8196452044659,22.41643412299955,78.93534306334679,65.20449887155137,false,false,0,true,true,false,false,false,true,true,false,1.0301997e-13,5.1623403e-13,0.99990124,6149.568,6137.7427,6162.092,4.2223,4.1899,4.2429,-0.2816,-0.2907,-0.272,1576.3472,1526.1746,1661.9202,0.1751,0.1685,0.1825,0.1488,0.1432,0.1552,0.08,0.0769,0.0835,PHOENIX,461601362.0,0.0015844975,0.0013232655,0.00028762655,0.12,0.30518168,0.3953564,0.23150921,1.3086959,0.97352403,0.73321193,0.57622796,0.46983597,0.29488438,0.174468,0.112567194,0.6111048217792518,0.0020643799,3.326392567519299,0.08396736828986151,0.018228352,0.005589078,2.6741752121459164,0.0841222224329663,-1
12.921,0.033,13.164,0.03,12.891,0.03,573943218570566528,00455675+8517296,14.3331,0.004608,14.0553,0.003931,13.9631,0.002776,13.9673,0.001677,13.9635,0.005047,2.103501148655007e+17,1636148068921376768,Gaia DR3 573943218570566528,1578421520,2016.0,11.486322375300983,0.014811933,85.29158356814456,0.014132243,0.5380820224543035,0.015325705,35.109776,2.4453099,-2.2202699822489427,0.019616263,-1.024666617407757,0.017494995,-0.009143089,0.0014451861,-0.31623068,0.05558684,0.0148846,0.09596382,0.032301296,-0.0012879468,0.09737672,0.09022981,355,0,354,1,6.9742594,574.3902,0.10180975,5.7431746,31,false,1.5846056,,,,,,,,41,25,0.027956845,45,18,0,0.027158137,82.94677,0,0,1.2742382,0.020473836,0.012758687,0.036434665,0.1359966,-14.355953,-27.972204,-52.76506,19.28396,false,365,45820.061399843245,14.254879,3214.3423,14.034728,41,25917.112874147297,24.268501,1067.9321,14.304576,40,28495.4469715955,17.884981,1593.2612,13.610957,1.187527,0,0,0,2,0,0.6936188,0.26984787,0.4237709,-40.75644,4.8619366,2,18,10,16,5.6173544,,,978.13153,,6000.0,3.5,-0.25,111,,,,13.396381,0.090597406,9,,NOT_AVAILABLE,122.80999858810387,22.421133888522323,78.93738647059989,65.21454258198136,false,false,0,true,true,false,false,false,true,true,false,1.03416895e-13,5.165622e-13,0.9998619,6257.293,6237.9897,6283.078,3.8491,3.8401,3.867,-0.1638,-0.175,-0.1357,1880.7986,1844.7764,1895.8716,0.1317,0.1205,0.1462,0.1135,0.1037,0.126,0.0611,0.0559,0.0679,MARCS,461601369.0,0.0010166715,0.00068145525,0.00033777865,0.12,0.30518168,0.3953564,0.23150921,1.3086959,0.97352403,0.73321193,0.57622796,0.46983597,0.29488438,0.174468,0.112567194,0.5297718217792511,0.0012239291,2.3837887295320446,0.06184900734482293,-0.05737132,0.0060569323,1.6786468181894243,0.06201950725796605,-1
13.636,0.046,13.822,0.039,13.525,0.046,573944077564006528,00442381+8519418,15.0127,0.002668,14.7458,0.002188,14.668,0.001801,14.6882,0.003342,14.7202,0.00328,2.1039011099034483e+17,1636148068921376768,Gaia DR3 573944077564006528,1118342002,2016.0,11.098824612301133,0.020277258,85.32837872710653,0.019492349,0.48997807056266335,0.020958045,23.378996,2.657403,-2.3771059243545807,0.025410062,-1.187921609367378,0.023858707,-0.06552957,0.06512478,-0.35164282,0.026576681,0.06938982,0.04170662,0.022311268,-0.03136629,0.05863918,-0.01569561,350,0,349,1,7.380098,598.6917,0.15200152,7.706639,31,false,1.593603,,,,,,,,40,25,0.036155727,46,18,0,0.022467177,82.25322,0,0,1.2931161,0.08668419,0.04244822,0.009922899,0.121116884,-106.27877,54.192482,-50.68978,19.70544,false,382,23917.788191786298,7.343778,3256.878,14.740564,42,13832.846097847763,22.883482,604.4904,14.986263,41,14775.455112091442,30.905033,478.0922,14.324043,1.1961098,0,18,0,18,0,0.66222,0.24569893,0.41652107,,,,,,,,,,,,,,,,,,,,,,,NOT_AVAILABLE,122.77677938634493,22.458750318538822,78.9916227382186,65.25745631842973,false,false,0,true,true,false,false,false,true,true,false,1.04326446e-13,5.2232253e-13,0.9997719,6462.797,6437.553,6487.0713,4.1476,4.1028,4.1752,-0.1658,-0.1823,-0.148,1935.7181,1861.0079,2062.6758,0.1556,0.1428,0.1675,0.1351,0.1239,0.1455,0.0728,0.0668,0.0785,MARCS,461601426.0,0.0017961182,0.0022709765,0.00033336718,0.089999996,0.22888626,0.29651728,0.1736319,0.98152196,0.730143,0.54990894,0.432171,0.35237697,0.22116329,0.13085099,0.0844254,0.5393346237850185,0.0028954057,2.962560954409708,0.09288193539622858,0.015521109,0.0034504444,2.4820613327904844,0.09291964815731413,-1
13.672,0.041,14.031,0.03,13.631,0.042,573944283722429952,00432396+8520325,15.3331,0.002872,15.008,0.002031,14.8938,0.003517,14.8622,0.003198,14.8531,0.008188,2.104101084967217e+17,1636148068921376768,Gaia DR3 573944283722429952,1692006547,2016.0,10.849435637836109,0.017360609,85.34240870140525,0.017729541,0.5127384803413874,0.018624429,27.530428,2.572524,-2.3586373922896526,0.022910252,-1.0269903444676498,0.023619438,-0.111905426,0.10601364,-0.30396244,-0.009952726,0.01758026,0.019371282,-0.02664814,0.04621218,-0.07962641,-0.048560068,344,0,342,2,0.69834256,369.76294,0.0,0.0,31,false,1.5684118,,,,,,,,40,25,0.03323175,46,16,0,0.03033523,77.20095,0,0,1.0260216,0.06298248,0.10389027,0.084308244,0.09823263,177.98653,61.575184,-55.97019,32.97496,false,375,19078.192157310892,18.514431,1030.4498,14.986024,37,10577.076373995902,38.984863,271.31238,15.277628,37,12383.692739762691,39.512356,313.41318,14.51577,1.2035086,0,9,0,9,0,0.761858,0.29160404,0.47025394,,,,,,,,,,,,,,,,,,,,,,,VARIABLE,122.75532483321871,22.473415820693244,79.00553486276492,65.28142054271807,false,false,0,true,true,false,true,false,true,true,false,1.022846e-13,5.3271195e-13,0.9999745,6223.852,6187.325,6248.8584,4.1969,4.1795,4.2141,-0.3455,-0.3736,-0.3186,1735.9215,1690.0667,1782.3453,0.2481,0.2276,0.2618,0.2124,0.1947,0.2243,0.1149,0.1053,0.1213,MARCS,461599358.0,0.004001794,0.0034642327,0.0010536527,0.089999996,0.22888626,0.29651728,0.1736319,0.98152196,0.730143,0.54990894,0.432171,0.35237697,0.22116329,0.13085099,0.0844254,0.6389726237850191,0.0052929446,3.306617297853008,0.07888239690967454,0.07372099,0.0035175767,2.9010579142708925,0.07892762977612935,-1
13.252,0.034,13.605,0.029,13.171,0.03,573964109291478400,00494687+8520315,15.0444,0.005696,14.6286,0.002136,14.5008,0.005087,14.4573,0.003529,14.4293,0.003395,2.104101244512613e+17,1636148068921376768,Gaia DR3 573964109291478400,1468815763,2016.0,12.445065380680639,0.015134923,85.34210504534708,0.014577582,0.5192200548695725,0.015902312,32.6506,2.6718502,-2.429558451122531,0.021084169,-1.1117685668143298,0.019083068,-0.0815585,0.039165493,-0.25378403,0.086064994,-0.041092005,0.10799656,-0.0006899958,-0.08664967,0.048777062,-0.0213514,346,0,344,2,-0.2717126,341.02686,0.0,0.0,31,false,1.5469887,,,,,,,,40,26,0.029598828,46,15,0,0.019131111,89.433495,0,0,0.9886034,0.032093298,0.052322034,0.023421796,0.10053403,-62.958534,35.855156,38.759716,17.89637,false,386,26119.977151001287,6.190007,4219.7007,14.644935,40,13790.12314621203,15.347574,898.52136,14.989622,38,17595.368330562327,13.259561,1326.9949,14.134399,1.2015896,0,1,0,0,0,0.8552227,0.34468746,0.51053524,-34.826317,9.576079,2,17,0,14,3.6889207,,,978.0575,,5500.0,4.5,-0.25,111,,,,13.912161,0.14300323,17,,NOT_AVAILABLE,122.89550235125961,22.470472259543968,79.11884817650976,65.16087125889138,false,false,0,true,true,false,false,false,true,true,false,1.025089e-13,5.12027e-13,0.99995184,5845.0566,5828.244,5861.9336,4.0607,4.0458,4.0743,-0.2798,-0.2948,-0.2649,1758.2793,1715.648,1804.7183,0.1572,0.1483,0.166,0.1316,0.124,0.1389,0.0705,0.0665,0.0745,PHOENIX,461618834.0,0.0012083588,0.0008181917,0.0002573017,0.12,0.30518168,0.3953564,0.23150921,1.3086959,0.97352403,0.73321193,0.57622796,0.46983597,0.29488438,0.174468,0.112567194,0.6913758217792516,0.0014593041,2.9165106115722828,0.06650685318422933,0.080628216,0.0060833306,2.312461596469896,0.06674982945081742,1
12.515,0.033,12.629,0.029,12.499,0.026,573968576057423360,00442141+8526299,13.4074,0.001349,13.3211,0.045612,13.428,-999.0,13.3749,0.002408,13.3716,0.003953,2.1053011089250086e+17,1636148068921376768,Gaia DR3 573968576057423360,619651974,2016.0,11.089231312827485,0.013633409,85.44167325728058,0.012920436,0.5406331685289292,0.014243867,37.955505,2.427115,-2.2316466535741184,0.018452063,-0.9542748340137204,0.015769873,-0.09764048,0.090476826,-0.24695139,0.07106721,0.03294589,0.07669193,-0.018057855,-0.06245016,0.12954232,-0.049761664,348,0,344,4,9.769396,725.0377,0.12123641,13.959477,31,false,1.6411904,,,,,,,,40,25,0.025940945,49,17,0,0.02180185,90.077736,0,0,1.3966572,0.06810289,0.07486388,0.030962016,0.052212752,-91.28921,32.49035,59.70592,14.916241,false,407,94837.18305919561,38.913483,2437.1292,13.24492,45,59008.318467031306,70.49481,837.059,13.411259,44,51701.95124310236,52.795563,979.28595,12.9641285,1.167372,0,0,0,0,0,0.4471302,0.16633892,0.28079128,,,,,,,,,,,,,,,,,,,,,,,VARIABLE,122.77958438644335,22.572017842484772,79.24380936231425,65.2988423054217,false,false,0,true,true,false,true,false,true,true,false,1.0355866e-13,5.172703e-13,0.999848,7572.135,7554.2603,7589.9224,3.8907,3.8663,3.907,-0.2356,-0.2464,-0.2177,2014.6006,1963.3236,2097.4841,0.2916,0.2858,0.298,0.2639,0.2586,0.2699,0.1411,0.1383,0.1443,MARCS,461601525.0,0.0012970845,0.0011087019,0.000445498,0.089999996,0.22888626,0.29651728,0.1736319,0.98152196,0.730143,0.54990894,0.432171,0.35237697,0.22116329,0.13085099,0.0844254,0.324245123785019,0.0017063553,1.6805471718978078,0.057212734845867745,-0.16507906,0.045631945,1.0903916006325867,0.0572269024253544,-1
13.63,0.044,13.859,0.029,13.543,0.041,573973111543073024,00543148+8532091,15.0758,0.00417,14.7715,0.002364,14.6831,0.003042,14.6707,0.00123,14.6596,0.001574,2.1064013631526394e+17,1636148068921376768,Gaia DR3 573973111543073024,184538992,2016.0,13.631224006492868,0.014766227,85.53589453690928,0.015431329,0.5328946624432275,0.016751634,31.811504,1.9987177,-1.9275341766953369,0.019049028,-0.5286626614646426,0.02158723,-0.11890189,0.118461214,-0.1927723,0.043550964,-0.05255435,0.036436073,0.018451007,-0.17758963,0.19874816,-0.10856537,365,0,363,2,-0.019560765,370.18933,0.0,0.0,31,false,1.5774866,,,,,,,,42,27,0.030562023,48,18,0,0.01805546,38.460655,0,0,0.99833834,0.04036952,0.114838146,0.030876381,0.05497584,74.06555,65.75915,43.07035,28.968142,false,398,23352.653414353103,6.205837,3763.0144,14.766526,44,13078.191483034758,27.712257,471.92804,15.047173,42,14760.852394553567,10.772315,1370.2582,14.325117,1.1921148,0,0,0,2,0,0.72205544,0.28064632,0.4414091,,,,,,,,,,,,,,,,,,,,,,,NOT_AVAILABLE,122.99701324097485,22.664534700358203,79.63097010311097,65.14878340655896,false,false,0,true,true,false,false,false,true,true,false,1.02634684e-13,5.126571e-13,0.9999394,6059.9663,5983.6357,6135.3306,3.9239,3.8849,3.9484,-0.2972,-0.3812,-0.231,2117.7715,2067.3657,2158.7722,0.0812,0.0373,0.1242,0.0695,0.0318,0.1064,0.0375,0.0171,0.0574,MARCS,461620787.0,0.0023006394,0.0007923588,0.0002885283,0.11,0.2797499,0.36241,0.21221676,1.199638,0.89239705,0.672111,0.528209,0.430683,0.2703107,0.15992899,0.1031866,0.571862755781174,0.0024332642,3.119982951401605,0.06826121165497133,-0.0029406548,0.0047934745,2.509368784449471,0.06838785468383861,-1
13.871,0.05,13.991,0.027,13.739,0.046,573998091072694912,00264471+8518358,15.2027,0.003249,14.9026,0.00126,14.8271,0.001106,14.82,0.001598,14.8316,0.003236,2.1037006685995283e+17,1636148068921376768,Gaia DR3 573998091072694912,1394881831,2016.0,6.685817904858607,0.019960752,85.3099930805477,0.021398878,0.5318920707242586,0.022541385,23.596245,2.3072178,-1.9957036847037681,0.024429021,-1.1577653794934823,0.03156061,-0.011305792,0.1287353,-0.25638807,-0.11170097,0.17162403,-0.13255678,-0.09837132,-0.108020544,0.19513173,-0.08063705,353,0,352,1,5.892752,548.2163,0.14883031,6.4702253,31,false,1.584844,,,,,,,,41,26,0.04403198,48,16,0,0.032281753,87.374435,0,0,1.230799,0.14487769,0.101134375,0.094741404,0.15436228,-94.903046,67.34167,54.971447,26.632336,false,404,20603.45970593675,5.616036,3668.6838,14.902516,41,11670.43332528267,16.202547,720.2839,15.170825,43,12835.35411870425,13.544879,947.61676,14.476876,1.1894016,0,3,0,2,0,0.69394875,0.26830864,0.4256401,,,,,,,,,,,,,,,,,,,,,,,NOT_AVAILABLE,122.38673053102902,22.464406518743832,78.66656977755831,65.59165299762557,false,false,0,true,true,false,false,false,true,true,false,1.0345436e-13,5.184852e-13,0.99985844,6343.014,6300.7495,6380.558,4.0278,3.9641,4.0703,-0.1627,-0.203,-0.13,2203.9167,2086.9377,2386.0254,0.1708,0.1487,0.1897,0.1474,0.1282,0.1638,0.0795,0.0691,0.0883,MARCS,461593891.0,0.0015073726,0.0011457546,0.00029594707,0.089999996,0.22888626,0.29651728,0.1736319,0.98152196,0.730143,0.54990894,0.432171,0.35237697,0.22116329,0.13085099,0.0844254,0.5710636237850188,0.00189339,3.302747318650267,0.09202666094496892,0.04872042,0.0034847672,2.850295277414343,0.09208352046461435,-1
